time,emission
0,125.0000000
1,100.2488583
11,44.71345876
21,27.99827279
2,70.0000000
12,32.53314287
22,21.88573499
3,83.47079531
13,36.64033626
23,14.27396172
4,100.0000000
14,40.15471123
24,13.66596918
5,65.90786956
15,23.08029549
25,11.81643542
6,66.53371457
16,39.86792844
26,25.18901636
7,53.58808673
17,22.84978589
27,8.195643809
8,61.33235104
18,35.01464535
28,17.19133663
9,43.92743547
19,17.97726709
29,24.28335424
10,40.29544843
20,21.1591801
30,17.72277625